{"cameraMode":{"drawMode":0,"name":"Shaded","section":"Shading Mode"},"sceneLighting":true,"audioPlay":false,"sceneViewState":{"showFog":true,"showMaterialUpdate":false,"showSkybox":true,"showFlares":true,"showImageEffects":true,"showParticleSystems":true},"in2DMode":false,"pivot":{"x":169.20338439941407,"y":-12.366462707519532,"z":207.14492797851563},"rotation":{"x":-0.6528089642524719,"y":0.00836915336549282,"z":-0.0072873784229159359,"w":-0.7574856281280518},"size":139.0122833251953,"orthographic":false}