{"cameraMode":{"drawMode":0,"name":"Shaded","section":"Shading Mode"},"sceneLighting":false,"audioPlay":false,"sceneViewState":{"showFog":true,"showMaterialUpdate":false,"showSkybox":false,"showFlares":true,"showImageEffects":true,"showParticleSystems":true},"in2DMode":false,"pivot":{"x":-0.1927165538072586,"y":1.9425901174545289,"z":0.44364702701568606},"rotation":{"x":-0.5384299755096436,"y":-0.023513006046414377,"z":0.01501811109483242,"w":-0.8422276973724365},"size":16.54018783569336,"orthographic":false}