{"cameraMode":{"drawMode":0,"name":"Shaded","section":"Shading Mode"},"sceneLighting":false,"audioPlay":false,"sceneViewState":{"showFog":true,"showMaterialUpdate":false,"showSkybox":false,"showFlares":true,"showImageEffects":true,"showParticleSystems":true},"in2DMode":false,"pivot":{"x":0.0,"y":1.4249999523162842,"z":-0.925000011920929},"rotation":{"x":-0.29578322172164919,"y":-0.016644638031721116,"z":0.005077390465885401,"w":-0.9551295042037964},"size":7.1055450439453129,"orthographic":false}