{"cameraMode":{"drawMode":0,"name":"Shaded","section":"Shading Mode"},"sceneLighting":false,"audioPlay":false,"sceneViewState":{"showFog":true,"showMaterialUpdate":false,"showSkybox":false,"showFlares":true,"showImageEffects":true,"showParticleSystems":true},"in2DMode":false,"pivot":{"x":0.3288770914077759,"y":2.607693672180176,"z":1.0329570770263672},"rotation":{"x":-0.3376753032207489,"y":0.06542834639549256,"z":-0.023565009236335756,"w":-0.9387125968933106},"size":18.45888328552246,"orthographic":false}