{"cameraMode":{"drawMode":0,"name":"Shaded","section":"Shading Mode"},"sceneLighting":true,"audioPlay":false,"sceneViewState":{"showFog":true,"showMaterialUpdate":false,"showSkybox":true,"showFlares":true,"showImageEffects":true,"showParticleSystems":true},"in2DMode":false,"pivot":{"x":-6.907903671264648,"y":-57.9595947265625,"z":40.16801071166992},"rotation":{"x":-0.45888853073120119,"y":0.19097362458705903,"z":-0.1017259806394577,"w":-0.8617700934410095},"size":106.9189224243164,"orthographic":false}